<?xml version="1.0" encoding="UTF-8"?>
<project-private xmlns="http://www.netbeans.org/ns/project-private/1">
    <editor-bookmarks xmlns="http://www.netbeans.org/ns/editor-bookmarks/2" lastBookmarkId="0"/>
    <open-files xmlns="http://www.netbeans.org/ns/projectui-open-files/2">
        <group>
            <file>file:/C:/Users/Adolfo/Desktop/Codigos/6%20Semestre/Videojuegos/Segundo%20Parcial/Proyecto/VideoGame/src/videogame/Assets.java</file>
            <file>file:/C:/Users/Adolfo/Desktop/Codigos/6%20Semestre/Videojuegos/Segundo%20Parcial/Proyecto/VideoGame/src/videogame/KeyManager.java</file>
            <file>file:/C:/Users/Adolfo/Desktop/Codigos/6%20Semestre/Videojuegos/Segundo%20Parcial/Proyecto/VideoGame/src/videogame/Game.java</file>
            <file>file:/C:/Users/Adolfo/Desktop/Codigos/6%20Semestre/Videojuegos/Segundo%20Parcial/Proyecto/VideoGame/src/videogame/Animation.java</file>
            <file>file:/C:/Users/Adolfo/Desktop/Codigos/6%20Semestre/Videojuegos/Segundo%20Parcial/Proyecto/VideoGame/src/videogame/SpriteSheet.java</file>
            <file>file:/C:/Users/Adolfo/Desktop/Codigos/6%20Semestre/Videojuegos/Segundo%20Parcial/Proyecto/VideoGame/src/videogame/ReadandWrite.java</file>
        </group>
    </open-files>
</project-private>
